Time/BA(s);RefinedPose;ConstPose;IgnoredPose;RefinedPts;ConstPts;IgnoredPts;RefinedK;ConstK;IgnoredK;ResidualBlocks;SuccessIteration;BadIteration;InitRMSE;FinalRMSE;d=-1;d=0;d=1;d=2;d=3;d=4;d=5;d=6;d=7;d=8;d=9;d=10+;
0.0159577;2;0;0;768;0;0;0;1;0;1536;7;0;0.306926;0.290073;0;0;0;0;0;0;0;0;0;0;0;0;
0.159044;3;0;0;2946;0;0;1;0;0;5892;16;0;0.370869;0.218779;0;0;0;0;0;0;0;0;0;0;0;0;
0.249766;4;0;0;4900;0;0;1;0;0;9800;11;0;0.341556;0.238819;0;0;0;0;0;0;0;0;0;0;0;0;
0.245044;5;0;0;6793;0;0;1;0;0;13586;8;0;0.362181;0.255421;0;0;0;0;0;0;0;0;0;0;0;0;
0.320804;6;0;0;9661;0;0;1;0;0;19322;7;0;0.352145;0.257364;0;0;0;0;0;0;0;0;0;0;0;0;
0.291376;7;0;0;9679;0;0;1;0;0;19358;6;0;0.298084;0.275712;0;0;0;0;0;0;0;0;0;0;0;0;
0.259364;7;0;0;9776;0;0;1;0;0;19552;6;0;0.276505;0.263947;0;0;0;0;0;0;0;0;0;0;0;0;
